{
  "params": {
    "ttPolicy": "SPLIT_SINGLE_DATASET",
    "ssdSplitMode": "RANDOM",
    "splitBeforePrepare": true,
    "ssdSelection": {
      "useMemTable": false,
      "filter": {
        "distinct": false,
        "enabled": false
      },
      "partitionSelectionMethod": "ALL",
      "latestPartitionsN": 1,
      "ordering": {
        "enabled": false,
        "rules": []
      },
      "samplingMethod": "HEAD_SEQUENTIAL",
      "maxRecords": 100000,
      "targetRatio": 0.02,
      "withinFirstN": -1,
      "maxReadUncompressedBytes": -1
    },
    "ssdTrainingRatio": 0.8,
    "ssdSeed": 1337,
    "kfold": false,
    "nFolds": 5,
    "instanceIdRefresher": 0,
    "subSamplingSeed": 1337
  },
  "generationDate": 1553047074651,
  "policyId": "type\u003dSPLIT_SINGLE_DATASET,split\u003dRANDOM,splitBeforePrepare\u003dtrue,ds\u003dtrain,sel\u003d(method\u003dhead-s,records\u003d100000),r\u003d0.8,s\u003d1337",
  "instanceId": "275f620c45f63f0f876ec8b90dc845f5-0",
  "format": "csv1",
  "schema": {
    "columns": [
      {"name":"customerID","type":"string"},
      {"name":"PhoneService","type":"boolean"},
      {"name":"MultipleLines","type":"boolean"},
      {"name":"InternetService","type":"string"},
      {"name":"OnlineSecurity","type":"boolean"},
      {"name":"OnlineBackup","type":"boolean"},
      {"name":"DeviceProtection","type":"boolean"},
      {"name":"TechSupport","type":"boolean"},
      {"name":"StreamingTV","type":"boolean"},
      {"name":"StreamingMovies","type":"boolean"},
      {"name":"gender","type":"string"},
      {"name":"SeniorCitizen","type":"bigint"},
      {"name":"Partner","type":"boolean"},
      {"name":"Dependents","type":"boolean"},
      {"name":"tenure_years","type":"double"},
      {"name":"Churn","type":"boolean"},
      {"name":"Contract","type":"string"},
      {"name":"PaperlessBilling","type":"boolean"},
      {"name":"PaymentMethod","type":"string"},
      {"name":"MonthlyCharges","type":"double"},
      {"name":"TotalCharges","type":"double"}
    ],
    "userModified": false
  },
  "trainPath": "train-275f620c45f63f0f876ec8b90dc845f5-0.csv.gz",
  "testPath": "test-275f620c45f63f0f876ec8b90dc845f5-0.csv.gz",
  "trainRows": 36027,
  "testRows": 9043,
  "fullRows": 0
}