{
    "checklists": {
        "checklists": []
    }, 
    "publishPolicy": "UNCONDITIONAL", 
    "rebuildBehavior": "EXPLICIT", 
    "name": "Prediction (RANDOM_FOREST_CLASSIFICATION) on train", 
    "versionTag": {
        "lastModifiedBy": {
            "login": "admin"
        }, 
        "lastModifiedOn": 1553047199261, 
        "versionNumber": 0
    }, 
    "tags": [], 
    "miniTask": {
        "maxConcurrentModelTraining": 2, 
        "sparkCheckpoint": "NONE", 
        "targetVariable": "Churn", 
        "weight": {}, 
        "calibration": {
            "calibrationMethod": "NO_CALIBRATION"
        }, 
        "predictionDisplayScript": {
            "maxProcessedMemTableBytes": -1, 
            "sorting": [], 
            "columnsSelection": {
                "mode": "ALL"
            }, 
            "analysisColumnData": {}, 
            "exploreUIParams": {}, 
            "vizSampling": {
                "autoRefreshSample": false, 
                "_refreshTrigger": 0
            }, 
            "coloring": {
                "scheme": "MEANING_AND_STATUS", 
                "valueColoringMode": "HASH", 
                "individualColumns": []
            }, 
            "steps": [], 
            "globalSearchQuery": "", 
            "previewMode": "ALL_ROWS", 
            "explorationSampling": {
                "autoRefreshSample": false, 
                "selection": {
                    "targetRatio": 0.02, 
                    "maxReadUncompressedBytes": -1, 
                    "ordering": {
                        "rules": [], 
                        "enabled": false
                    }, 
                    "latestPartitionsN": 1, 
                    "filter": {
                        "distinct": false, 
                        "enabled": false
                    }, 
                    "withinFirstN": -1, 
                    "maxRecords": 10000, 
                    "partitionSelectionMethod": "ALL", 
                    "maxStoredBytes": -1, 
                    "samplingMethod": "HEAD_SEQUENTIAL"
                }, 
                "_refreshTrigger": 0
            }, 
            "explorationFilters": []
        }, 
        "backendType": "PY_MEMORY", 
        "predictionDisplayCharts": [], 
        "predictionType": "BINARY_CLASSIFICATION", 
        "sparkParams": {
            "sparkUseGlobalMetastore": false, 
            "sparkExecutionEngine": "SPARK_SUBMIT", 
            "sparkPreparedDFStorageLevel": "MEMORY_AND_DISK", 
            "pipelineAllowMerge": true, 
            "pipelineAllowStart": true, 
            "sparkConf": {
                "inheritConf": "default", 
                "conf": []
            }, 
            "sparkRepartitionNonHDFS": 1
        }, 
        "containerSelection": {
            "containerMode": "INHERIT"
        }, 
        "envSelection": {
            "envMode": "INHERIT"
        }, 
        "taskType": "PREDICTION", 
        "modeling": {
            "neural_network": {
                "beta_1": 0.9, 
                "max_iter": 200, 
                "learning_rate": "constant", 
                "nesterovs_momentum": true, 
                "solver": "adam", 
                "validation_fraction": 0.1, 
                "activation": "relu", 
                "layer_sizes": {
                    "gridMode": "EXPLICIT", 
                    "values": [
                        10
                    ]
                }, 
                "enabled": false, 
                "batch_size": 200, 
                "beta_2": 0.999, 
                "power_t": 0.5, 
                "shuffle": true, 
                "seed": 1337, 
                "momentum": 0.8, 
                "tol": 0.0001, 
                "epsilon": 1e-08, 
                "alpha": 0.001, 
                "learning_rate_init": 0.001, 
                "auto_batch": true, 
                "early_stopping": false
            }, 
            "lasso_regression": {
                "enabled": false, 
                "alphaMode": "AUTO_CV"
            }, 
            "ridge_regression": {
                "alpha": {
                    "gridMode": "EXPLICIT", 
                    "values": [
                        0.1, 
                        1.0, 
                        3.0
                    ]
                }, 
                "alphaMode": "MANUAL", 
                "enabled": false
            }, 
            "rf_sparkling": {
                "nbins": 20, 
                "mtries": -1, 
                "ntrees": 50, 
                "enabled": false, 
                "min_rows": 1, 
                "nbins_cats": 1024, 
                "sample_rate": 0.6666, 
                "max_depth": 5
            }, 
            "logistic_regression": {
                "C": {
                    "gridMode": "EXPLICIT", 
                    "values": [
                        0.01, 
                        0.1, 
                        1.0, 
                        10.0, 
                        100.0
                    ]
                }, 
                "n_jobs": 2, 
                "enabled": false, 
                "penalty": {
                    "values": {
                        "l2": {
                            "enabled": true
                        }, 
                        "l1": {
                            "enabled": false
                        }
                    }
                }, 
                "multi_class": "OVR"
            }, 
            "mllib_naive_bayes": {
                "enabled": false, 
                "lambda": {
                    "gridMode": "EXPLICIT", 
                    "values": [
                        1.0
                    ]
                }
            }, 
            "skipExpensiveReports": false, 
            "custom_python": [], 
            "vertica_linear_regression": {
                "epsilon": 1e-06, 
                "maxIterations": 200, 
                "enabled": false, 
                "optimizer": "BFGS"
            }, 
            "gbt_classification": {
                "learning_rate": {
                    "gridMode": "EXPLICIT", 
                    "values": [
                        0.1
                    ]
                }, 
                "loss": {
                    "values": {
                        "exponential": {
                            "enabled": false
                        }, 
                        "deviance": {
                            "enabled": true
                        }
                    }
                }, 
                "max_feature_prop": 0.3, 
                "selection_mode": "AUTO", 
                "enabled": false, 
                "min_samples_leaf": {
                    "gridMode": "EXPLICIT", 
                    "values": [
                        3
                    ]
                }, 
                "n_estimators": {
                    "gridMode": "EXPLICIT", 
                    "values": [
                        100
                    ]
                }, 
                "max_features": {
                    "gridMode": "EXPLICIT", 
                    "values": [
                        0
                    ]
                }, 
                "max_depth": {
                    "gridMode": "EXPLICIT", 
                    "values": [
                        3
                    ]
                }
            }, 
            "gbt_regression": {
                "learning_rate": {
                    "gridMode": "EXPLICIT", 
                    "values": [
                        0.1
                    ]
                }, 
                "loss": {
                    "values": {
                        "lad": {
                            "enabled": false
                        }, 
                        "huber": {
                            "enabled": false
                        }, 
                        "ls": {
                            "enabled": true
                        }
                    }
                }, 
                "max_feature_prop": 0.3, 
                "selection_mode": "AUTO", 
                "enabled": false, 
                "min_samples_leaf": {
                    "gridMode": "EXPLICIT", 
                    "values": [
                        3
                    ]
                }, 
                "n_estimators": {
                    "gridMode": "EXPLICIT", 
                    "values": [
                        100
                    ]
                }, 
                "max_features": {
                    "gridMode": "EXPLICIT", 
                    "values": [
                        0
                    ]
                }, 
                "max_depth": {
                    "gridMode": "EXPLICIT", 
                    "values": [
                        3
                    ]
                }
            }, 
            "nb_sparkling": {
                "enabled": false, 
                "laplace": 0.0, 
                "min_std_dev": 0.001
            }, 
            "keras": {
                "perGPUMemoryFraction": 0.5, 
                "trainOnAllData": true, 
                "useGPU": false, 
                "gpuList": [
                    0
                ], 
                "batchSize": 32, 
                "stepsPerEpoch": 100, 
                "kerasInputs": [
                    "main"
                ], 
                "epochs": 10, 
                "gpuAllowGrowth": false, 
                "advancedFitMode": false, 
                "shuffleData": true, 
                "enabled": false
            }, 
            "decision_tree_classification": {
                "splitter": {
                    "values": {
                        "random": {
                            "enabled": false
                        }, 
                        "best": {
                            "enabled": true
                        }
                    }
                }, 
                "enabled": false, 
                "min_samples_leaf": {
                    "gridMode": "EXPLICIT", 
                    "values": [
                        1
                    ]
                }, 
                "criterion": {
                    "values": {
                        "gini": {
                            "enabled": true
                        }, 
                        "entropy": {
                            "enabled": false
                        }
                    }
                }, 
                "max_depth": {
                    "gridMode": "EXPLICIT", 
                    "values": [
                        5
                    ]
                }
            }, 
            "grid_search": false, 
            "random_forest_regression": {
                "n_jobs": 4, 
                "max_tree_depth": {
                    "gridMode": "EXPLICIT", 
                    "values": [
                        8
                    ]
                }, 
                "selection_mode": "AUTO", 
                "enabled": false, 
                "min_samples_leaf": {
                    "gridMode": "EXPLICIT", 
                    "values": [
                        3
                    ]
                }, 
                "n_estimators": {
                    "gridMode": "EXPLICIT", 
                    "values": [
                        100
                    ]
                }, 
                "max_feature_prop": 0.3, 
                "max_features": {
                    "gridMode": "EXPLICIT", 
                    "values": [
                        0
                    ]
                }
            }, 
            "deep_learning_sparkling": {
                "momentum_start": 0.0, 
                "rate_annealing": 1e-06, 
                "hidden_dropout_ratios": [
                    0.1, 
                    0.2
                ], 
                "max_w2": -1.0, 
                "use_adaptative": true, 
                "activation": "RECTIFIER", 
                "enabled": false, 
                "epsilon": 1e-08, 
                "epochs": 10.0, 
                "momentum_ramp": 1000000.0, 
                "rate": 0.005, 
                "input_dropout_ratio": 0.0, 
                "l2": 0.0, 
                "rho": 0.99, 
                "l1": 0.0, 
                "hidden": [
                    10, 
                    10
                ], 
                "momentum_stable": 0.0, 
                "dropout": false, 
                "rate_decay": 1.0
            }, 
            "mllib_gbt": {
                "cache_node_ids": false, 
                "subset_strategy": "auto", 
                "subsampling_rate": 1.0, 
                "impurity": "gini", 
                "max_bins": 32, 
                "enabled": false, 
                "step_size": {
                    "gridMode": "EXPLICIT", 
                    "values": [
                        0.1
                    ]
                }, 
                "checkpoint_interval": 10, 
                "min_instance_per_node": 1, 
                "min_info_gain": 0.0, 
                "max_memory_mb": 256, 
                "num_trees": {
                    "gridMode": "EXPLICIT", 
                    "values": [
                        20
                    ]
                }, 
                "seed": 1337, 
                "max_depth": {
                    "gridMode": "EXPLICIT", 
                    "values": [
                        5
                    ]
                }
            }, 
            "max_ensemble_nodes_serialized": 6000, 
            "gbm_sparkling": {
                "learn_rate": 0.1, 
                "ntrees": 50, 
                "family": "AUTO", 
                "nbins": 20, 
                "enabled": false, 
                "tweedie_power": 1.5, 
                "min_rows": 10, 
                "nbins_cats": 1024, 
                "balance_classes": false, 
                "max_after_balance_size": 2.0, 
                "max_depth": 5
            }, 
            "glm_sparkling": {
                "family": "gaussian", 
                "beta_epsilon": 0.0001, 
                "max_iter": 100, 
                "enabled": false, 
                "tweedie_variance_power": 0.5, 
                "alpha": 0.5, 
                "lambda": 0.0
            }, 
            "lars_params": {
                "max_features": 0, 
                "K": 100, 
                "enabled": false
            }, 
            "extra_trees": {
                "n_jobs": 4, 
                "max_tree_depth": {
                    "gridMode": "EXPLICIT", 
                    "values": [
                        8
                    ]
                }, 
                "selection_mode": "AUTO", 
                "enabled": false, 
                "min_samples_leaf": {
                    "gridMode": "EXPLICIT", 
                    "values": [
                        3
                    ]
                }, 
                "n_estimators": {
                    "gridMode": "EXPLICIT", 
                    "values": [
                        30
                    ]
                }, 
                "max_feature_prop": 0.3, 
                "max_features": {
                    "gridMode": "EXPLICIT", 
                    "values": [
                        0
                    ]
                }
            }, 
            "metrics": {
                "customEvaluationMetricGIB": true, 
                "customEvaluationMetricNeedsProba": false, 
                "thresholdOptimizationMetric": "F1", 
                "liftPoint": 0.4, 
                "costMatrixWeights": {
                    "fnGain": 0.0, 
                    "tpGain": 1.0, 
                    "tnGain": 0.0, 
                    "fpGain": -0.3
                }, 
                "evaluationMetric": "ROC_AUC"
            }, 
            "gridSearchParams": {
                "nIter": 0, 
                "nJobs": 4, 
                "randomized": true, 
                "shuffleIterations": 1, 
                "mode": "KFOLD", 
                "timeout": 0, 
                "splitRatio": 0.8, 
                "nFolds": 3, 
                "stratified": true
            }, 
            "svm_regression": {
                "kernel": {
                    "values": {
                        "rbf": {
                            "enabled": true
                        }, 
                        "linear": {
                            "enabled": false
                        }, 
                        "poly": {
                            "enabled": false
                        }, 
                        "sigmoid": {
                            "enabled": false
                        }
                    }
                }, 
                "C": {
                    "gridMode": "EXPLICIT", 
                    "values": [
                        1.0
                    ]
                }, 
                "max_iter": -1, 
                "enabled": false, 
                "tol": 0.001, 
                "coef0": 0.0, 
                "gamma": {
                    "gridMode": "EXPLICIT", 
                    "values": [
                        0.0
                    ]
                }
            }, 
            "mllib_dt": {
                "cache_node_ids": false, 
                "max_bins": 32, 
                "enabled": false, 
                "checkpoint_interval": 10, 
                "min_instance_per_node": 1, 
                "min_info_gain": 0.0, 
                "max_memory_mb": 256, 
                "max_depth": {
                    "gridMode": "EXPLICIT", 
                    "values": [
                        5
                    ]
                }
            }, 
            "leastsquare_regression": {
                "n_jobs": 2, 
                "enabled": false
            }, 
            "mllib_linreg": {
                "max_iter": 30, 
                "enabled": false, 
                "reg_param": {
                    "gridMode": "EXPLICIT", 
                    "values": [
                        0.1
                    ]
                }, 
                "enet_param": {
                    "gridMode": "EXPLICIT", 
                    "values": [
                        0.0
                    ]
                }
            }, 
            "knn": {
                "distance_weighting": false, 
                "algorithm": "AUTO", 
                "k": {
                    "gridMode": "EXPLICIT", 
                    "values": [
                        5
                    ]
                }, 
                "enabled": false, 
                "p": 2, 
                "leaf_size": 30
            }, 
            "mllib_logit": {
                "max_iter": 30, 
                "enabled": false, 
                "reg_param": {
                    "gridMode": "EXPLICIT", 
                    "values": [
                        0.1
                    ]
                }, 
                "enet_param": {
                    "gridMode": "EXPLICIT", 
                    "values": [
                        0.0
                    ]
                }
            }, 
            "svc_classifier": {
                "kernel": {
                    "values": {
                        "rbf": {
                            "enabled": true
                        }, 
                        "linear": {
                            "enabled": false
                        }, 
                        "poly": {
                            "enabled": false
                        }, 
                        "sigmoid": {
                            "enabled": false
                        }
                    }
                }, 
                "C": {
                    "gridMode": "EXPLICIT", 
                    "values": [
                        1.0
                    ]
                }, 
                "max_iter": -1, 
                "enabled": false, 
                "tol": 0.001, 
                "coef0": 0.0, 
                "gamma": {
                    "gridMode": "EXPLICIT", 
                    "values": [
                        0.0
                    ]
                }
            }, 
            "xgboost": {
                "cpu_tree_method": "auto", 
                "seed": 1337, 
                "early_stopping_rounds": 4, 
                "enable_cuda": false, 
                "missing": 0.0, 
                "nthread": 4, 
                "min_child_weight": {
                    "gridMode": "EXPLICIT", 
                    "values": [
                        0.0
                    ]
                }, 
                "objective": {
                    "values": {
                        "reg_logistic": {
                            "enabled": false
                        }, 
                        "reg_linear": {
                            "enabled": true
                        }, 
                        "reg_gamma": {
                            "enabled": false
                        }, 
                        "multi_softprob": {
                            "enabled": false
                        }, 
                        "binary_logistic": {
                            "enabled": false
                        }
                    }
                }, 
                "booster": {
                    "values": {
                        "gbtree": {
                            "enabled": true
                        }, 
                        "dart": {
                            "enabled": false
                        }
                    }
                }, 
                "max_depth": {
                    "gridMode": "EXPLICIT", 
                    "values": [
                        3
                    ]
                }, 
                "colsample_bylevel": {
                    "gridMode": "EXPLICIT", 
                    "values": [
                        1.0
                    ]
                }, 
                "scale_pos_weight": 1.0, 
                "learning_rate": {
                    "gridMode": "EXPLICIT", 
                    "values": [
                        0.2
                    ]
                }, 
                "max_delta_step": {
                    "gridMode": "EXPLICIT", 
                    "values": [
                        0.0
                    ]
                }, 
                "base_score": 0.5, 
                "n_estimators": 300, 
                "alpha": {
                    "gridMode": "EXPLICIT", 
                    "values": [
                        0.0
                    ]
                }, 
                "enable_early_stopping": true, 
                "colsample_bytree": {
                    "gridMode": "EXPLICIT", 
                    "values": [
                        1.0
                    ]
                }, 
                "enabled": false, 
                "impute_missing": false, 
                "subsample": {
                    "gridMode": "EXPLICIT", 
                    "values": [
                        1.0
                    ]
                }, 
                "gpu_tree_method": "gpu_exact", 
                "gamma": {
                    "gridMode": "EXPLICIT", 
                    "values": [
                        0.0
                    ]
                }, 
                "lambda": {
                    "gridMode": "EXPLICIT", 
                    "values": [
                        1.0
                    ]
                }
            }, 
            "sgd_regression": {
                "loss": {
                    "values": {
                        "huber": {
                            "enabled": false
                        }, 
                        "squared_loss": {
                            "enabled": true
                        }
                    }
                }, 
                "max_iter": 1000, 
                "enabled": false, 
                "epsilon": {
                    "gridMode": "EXPLICIT", 
                    "values": [
                        0.01
                    ]
                }, 
                "penalty": {
                    "values": {
                        "elasticnet": {
                            "enabled": false
                        }, 
                        "l2": {
                            "enabled": false
                        }, 
                        "l1": {
                            "enabled": true
                        }
                    }
                }, 
                "n_jobs": 2, 
                "tol": 0.001, 
                "alpha": {
                    "gridMode": "EXPLICIT", 
                    "values": [
                        0.001, 
                        0.0001, 
                        1e-05
                    ]
                }, 
                "l1_ratio": 0.15
            }, 
            "custom_mllib": [], 
            "vertica_logistic_regression": {
                "epsilon": 1e-06, 
                "maxIterations": 200, 
                "enabled": false, 
                "optimizer": "BFGS"
            }, 
            "decision_tree_regression": {
                "splitter": {
                    "values": {
                        "random": {
                            "enabled": false
                        }, 
                        "best": {
                            "enabled": true
                        }
                    }
                }, 
                "enabled": false, 
                "min_samples_leaf": {
                    "gridMode": "EXPLICIT", 
                    "values": [
                        1
                    ]
                }, 
                "criterion": {
                    "values": {
                        "gini": {
                            "enabled": true
                        }, 
                        "entropy": {
                            "enabled": false
                        }
                    }
                }, 
                "max_depth": {
                    "gridMode": "EXPLICIT", 
                    "values": [
                        5
                    ]
                }
            }, 
            "sgd_classifier": {
                "loss": {
                    "values": {
                        "modified_huber": {
                            "enabled": false
                        }, 
                        "log": {
                            "enabled": true
                        }
                    }
                }, 
                "n_jobs": 2, 
                "l1_ratio": 0.15, 
                "max_iter": 1000, 
                "enabled": false, 
                "penalty": {
                    "values": {
                        "elasticnet": {
                            "enabled": false
                        }, 
                        "l2": {
                            "enabled": false
                        }, 
                        "l1": {
                            "enabled": true
                        }
                    }
                }, 
                "tol": 0.001, 
                "alpha": {
                    "gridMode": "EXPLICIT", 
                    "values": [
                        0.001, 
                        0.0001, 
                        1e-05
                    ]
                }
            }, 
            "mllib_rf": {
                "cache_node_ids": false, 
                "subset_strategy": "auto", 
                "subsampling_rate": 1.0, 
                "impurity": "gini", 
                "max_bins": 32, 
                "enabled": false, 
                "step_size": {
                    "gridMode": "EXPLICIT", 
                    "values": [
                        0.1
                    ]
                }, 
                "checkpoint_interval": 10, 
                "min_instance_per_node": 1, 
                "min_info_gain": 0.0, 
                "max_memory_mb": 256, 
                "num_trees": {
                    "gridMode": "EXPLICIT", 
                    "values": [
                        20
                    ]
                }, 
                "seed": 1337, 
                "max_depth": {
                    "gridMode": "EXPLICIT", 
                    "values": [
                        5
                    ]
                }
            }, 
            "random_forest_classification": {
                "n_jobs": 4, 
                "max_tree_depth": {
                    "gridMode": "EXPLICIT", 
                    "values": [
                        8
                    ]
                }, 
                "selection_mode": "AUTO", 
                "enabled": false, 
                "min_samples_leaf": {
                    "gridMode": "EXPLICIT", 
                    "values": [
                        3
                    ]
                }, 
                "n_estimators": {
                    "gridMode": "EXPLICIT", 
                    "values": [
                        100
                    ]
                }, 
                "max_feature_prop": 0.3, 
                "max_features": {
                    "gridMode": "EXPLICIT", 
                    "values": [
                        0
                    ]
                }
            }
        }, 
        "guessPolicy": "DEFAULT"
    }, 
    "creationTag": {
        "lastModifiedBy": {
            "login": "admin"
        }, 
        "lastModifiedOn": 1553047199261, 
        "versionNumber": 0
    }, 
    "metrics": {
        "engineConfig": {
            "python": {}, 
            "basic": {}, 
            "dss": {
                "active": true, 
                "selection": {
                    "targetRatio": 0.02, 
                    "maxReadUncompressedBytes": -1, 
                    "ordering": {
                        "rules": [], 
                        "enabled": false
                    }, 
                    "latestPartitionsN": 1, 
                    "filter": {
                        "distinct": false, 
                        "enabled": false
                    }, 
                    "withinFirstN": -1, 
                    "maxRecords": -1, 
                    "partitionSelectionMethod": "ALL", 
                    "useMemTable": false, 
                    "samplingMethod": "FULL"
                }
            }, 
            "hive": {
                "active": true, 
                "extraConf": []
            }, 
            "sql": {
                "active": true
            }, 
            "spark": {
                "active": true, 
                "extraConf": []
            }, 
            "impala": {
                "active": true
            }, 
            "padRunsWithMetrics": false
        }, 
        "displayedState": {
            "metrics": [
                "reporting:BUILD_DURATION"
            ], 
            "partition": "NP", 
            "columns": []
        }, 
        "probes": []
    }, 
    "metricsChecks": {
        "runOnBuild": false, 
        "checks": [], 
        "displayedState": {
            "partition": "NP", 
            "checks": []
        }
    }, 
    "lastExportedFrom": "A-CUSTOMERCHURNFINAL-TAe877IN-b9brfZK3-s1-pp1-m1", 
    "customFields": {}, 
    "conditionalOutputs": [], 
    "activeVersion": "initial"
}