{
    "per_feature": {
        "SeniorCitizen": {
            "stats": {
                "std": 0.3681150332611683, 
                "p99": 1.0, 
                "min": 0.0, 
                "max": 1.0, 
                "average": 0.16162877841618786, 
                "median": 0.0
            }, 
            "missing_impute_with_value": 0.16162877841618786
        }, 
        "Partner": {
            "stats": {
                "mostFrequentValue": "false", 
                "leastFrequentValue": "true"
            }, 
            "category_possible_counts": [
                18675, 
                17352
            ], 
            "category_possible_values": [
                "false", 
                "true"
            ]
        }, 
        "DeviceProtection": {
            "stats": {
                "mostFrequentValue": "No", 
                "leastFrequentValue": "Yes"
            }, 
            "category_possible_counts": [
                23749, 
                12278
            ], 
            "category_possible_values": [
                "No", 
                "Yes"
            ]
        }, 
        "MonthlyCharges": {
            "stats": {
                "std": 30.127923417781915, 
                "p99": 114.65, 
                "min": 18.25, 
                "max": 118.75, 
                "average": 64.74820828822818, 
                "median": 70.4
            }, 
            "missing_impute_with_value": 64.74820828822818
        }, 
        "OnlineBackup": {
            "stats": {
                "mostFrequentValue": "No", 
                "leastFrequentValue": "Yes"
            }, 
            "category_possible_counts": [
                23621, 
                12406
            ], 
            "category_possible_values": [
                "No", 
                "Yes"
            ]
        }, 
        "MultipleLines": {
            "stats": {
                "mostFrequentValue": "No", 
                "leastFrequentValue": "Yes"
            }, 
            "category_possible_counts": [
                20756, 
                15271
            ], 
            "category_possible_values": [
                "No", 
                "Yes"
            ]
        }, 
        "OnlineSecurity": {
            "stats": {
                "mostFrequentValue": "No", 
                "leastFrequentValue": "Yes"
            }, 
            "category_possible_counts": [
                25810, 
                10217
            ], 
            "category_possible_values": [
                "No", 
                "Yes"
            ]
        }, 
        "StreamingTV": {
            "stats": {
                "mostFrequentValue": "No", 
                "leastFrequentValue": "Yes"
            }, 
            "category_possible_counts": [
                22197, 
                13830
            ], 
            "category_possible_values": [
                "No", 
                "Yes"
            ]
        }, 
        "PaperlessBilling": {
            "stats": {
                "mostFrequentValue": "Yes", 
                "leastFrequentValue": "No"
            }, 
            "category_possible_counts": [
                21445, 
                14582
            ], 
            "category_possible_values": [
                "Yes", 
                "No"
            ]
        }, 
        "customerID": {
            "stats": {
                "mostFrequentValue": "6614-FHDBO", 
                "leastFrequentValue": "9278-VZKCD"
            }, 
            "category_possible_counts": [
                8, 
                8, 
                8, 
                8, 
                8, 
                8, 
                8, 
                8, 
                8, 
                8, 
                8, 
                8, 
                8, 
                8, 
                8, 
                8, 
                8, 
                8, 
                8, 
                8, 
                8, 
                8, 
                8, 
                8, 
                8, 
                8, 
                8, 
                8, 
                8, 
                8, 
                8, 
                8, 
                8, 
                8, 
                8, 
                8, 
                8, 
                8, 
                8, 
                8, 
                8, 
                8, 
                8, 
                8, 
                8, 
                8, 
                8, 
                8, 
                8, 
                8, 
                8, 
                8, 
                8, 
                8, 
                8, 
                8, 
                8, 
                8, 
                8, 
                8, 
                8, 
                8, 
                8, 
                8, 
                8, 
                8, 
                8, 
                8, 
                8, 
                8, 
                8, 
                8, 
                8, 
                8, 
                8, 
                8, 
                8, 
                8, 
                8, 
                8, 
                8, 
                8, 
                8, 
                8, 
                8, 
                8, 
                8, 
                8, 
                8, 
                8, 
                8, 
                8, 
                8, 
                8, 
                8, 
                8, 
                8, 
                8, 
                8, 
                8, 
                8
            ], 
            "category_possible_values": [
                "6614-FHDBO", 
                "3585-ISXZP", 
                "6469-QJKZW", 
                "7266-GSSJX", 
                "4853-OITSN", 
                "5186-EJEGL", 
                "2293-IJWPS", 
                "3258-SANFR", 
                "0743-HNPFG", 
                "0430-IHCDJ", 
                "5233-GEEAX", 
                "0040-HALCW", 
                "3714-NTNFO", 
                "3167-SNQPL", 
                "0270-THENM", 
                "7945-PRBVF", 
                "3244-CQPHU", 
                "1302-UHBDD", 
                "2634-HCZGT", 
                "5301-GAUUY", 
                "8305-VHZBZ", 
                "6479-OAUSD", 
                "3055-MJDSB", 
                "1174-FGIFN", 
                "7472-EQOAV", 
                "5899-OUVKV", 
                "3207-OYBWH", 
                "9667-EQRXU", 
                "8903-WMRNW", 
                "9432-VOFYX", 
                "3992-YWPKO", 
                "4634-JLRJT", 
                "7587-RZNME", 
                "6338-AVWCY", 
                "9391-DXGGG", 
                "4188-FRABG", 
                "0623-IIHUG", 
                "9139-WQQDY", 
                "8945-MUQUF", 
                "3727-JEZTU", 
                "2000-MPKCA", 
                "8270-RKSAP", 
                "7394-LWLYN", 
                "9537-VHDTA", 
                "7026-YMSBE", 
                "3891-NLXJB", 
                "8317-BVKSO", 
                "5197-YPYBZ", 
                "9286-BHDQG", 
                "0263-FJTQO", 
                "5655-JSMZM", 
                "4471-KXAUH", 
                "9058-CBREO", 
                "5493-SDRDQ", 
                "3413-CSSTH", 
                "6100-QQHEB", 
                "9921-EZKBY", 
                "1866-NXPSP", 
                "0248-IPDFW", 
                "6265-SXWBU", 
                "8356-WUAOJ", 
                "8661-BOYNW", 
                "6641-XRPSU", 
                "3404-JNXAX", 
                "2398-YPMUR", 
                "0434-CSFON", 
                "8464-EETCQ", 
                "1328-EUZHC", 
                "4707-YNOQA", 
                "6979-ZNSFF", 
                "8808-ELEHO", 
                "0674-EYYZV", 
                "1389-CXMLU", 
                "5302-BDJNT", 
                "7041-TXQJH", 
                "6789-HJBWG", 
                "4712-AUQZO", 
                "3808-HFKDE", 
                "2957-JIRMN", 
                "6486-LHTMA", 
                "9153-BTBVV", 
                "8909-BOLNL", 
                "1293-BSEUN", 
                "4143-HHPMK", 
                "3787-TRIAL", 
                "6490-FGZAT", 
                "4060-LDNLU", 
                "1251-KRREG", 
                "0673-IGUQO", 
                "9133-AYJZG", 
                "1228-FZFRV", 
                "5135-RDDQL", 
                "3621-CEOVK", 
                "0859-YGKFW", 
                "2703-AMTUL", 
                "0301-KOBTQ", 
                "5940-AHUHD", 
                "8023-QHAIO", 
                "1686-STUHN", 
                "2560-PPCHE", 
                "2916-BQZLN"
            ]
        }, 
        "StreamingMovies": {
            "stats": {
                "mostFrequentValue": "No", 
                "leastFrequentValue": "Yes"
            }, 
            "category_possible_counts": [
                22072, 
                13955
            ], 
            "category_possible_values": [
                "No", 
                "Yes"
            ]
        }, 
        "Churn": {
            "stats": {}
        }, 
        "Contract": {
            "stats": {
                "mostFrequentValue": "Month-to-month", 
                "leastFrequentValue": "One year"
            }, 
            "category_possible_counts": [
                19933, 
                8608, 
                7486
            ], 
            "category_possible_values": [
                "Month-to-month", 
                "Two year", 
                "One year"
            ]
        }, 
        "TechSupport": {
            "stats": {
                "mostFrequentValue": "No", 
                "leastFrequentValue": "Yes"
            }, 
            "category_possible_counts": [
                25665, 
                10362
            ], 
            "category_possible_values": [
                "No", 
                "Yes"
            ]
        }, 
        "gender": {
            "stats": {
                "mostFrequentValue": "Male", 
                "leastFrequentValue": "Female"
            }, 
            "category_possible_counts": [
                18222, 
                17805
            ], 
            "category_possible_values": [
                "Male", 
                "Female"
            ]
        }, 
        "PhoneService": {
            "stats": {
                "mostFrequentValue": "true", 
                "leastFrequentValue": "false"
            }, 
            "category_possible_counts": [
                32602, 
                3425
            ], 
            "category_possible_values": [
                "true", 
                "false"
            ]
        }, 
        "tenure_years": {
            "stats": {
                "std": 2.047473608236794, 
                "p99": 6.0, 
                "min": 0.0, 
                "max": 6.0, 
                "average": 2.692115913065297, 
                "median": 2.42
            }, 
            "missing_impute_with_value": 2.692115913065297
        }, 
        "InternetService": {
            "stats": {
                "mostFrequentValue": "Fiber optic", 
                "leastFrequentValue": "No"
            }, 
            "category_possible_counts": [
                15886, 
                12280, 
                7861
            ], 
            "category_possible_values": [
                "Fiber optic", 
                "DSL", 
                "No"
            ]
        }, 
        "PaymentMethod": {
            "stats": {
                "mostFrequentValue": "Electronic check", 
                "leastFrequentValue": "Credit card (automatic)"
            }, 
            "category_possible_counts": [
                12163, 
                8256, 
                7869, 
                7739
            ], 
            "category_possible_values": [
                "Electronic check", 
                "Mailed check", 
                "Bank transfer (automatic)", 
                "Credit card (automatic)"
            ]
        }, 
        "Dependents": {
            "stats": {
                "mostFrequentValue": "false", 
                "leastFrequentValue": "true"
            }, 
            "category_possible_counts": [
                25277, 
                10750
            ], 
            "category_possible_values": [
                "false", 
                "true"
            ]
        }, 
        "TotalCharges": {
            "stats": {
                "std": 2267.517256205817, 
                "p99": 8022.85, 
                "min": 0.0, 
                "max": 8684.8, 
                "average": 2274.6688858356183, 
                "median": 1383.6
            }, 
            "missing_impute_with_value": 2274.6688858356183
        }
    }, 
    "feature_order": [
        "SeniorCitizen", 
        "Partner", 
        "Churn", 
        "MonthlyCharges", 
        "OnlineBackup", 
        "MultipleLines", 
        "gender", 
        "StreamingTV", 
        "PaperlessBilling", 
        "StreamingMovies", 
        "Contract", 
        "DeviceProtection", 
        "TotalCharges", 
        "TechSupport", 
        "OnlineSecurity", 
        "PhoneService", 
        "Dependents", 
        "InternetService", 
        "PaymentMethod", 
        "customerID", 
        "tenure_years"
    ]
}