{
  "trainedWithDSSVersion": "5.1.0",
  "backend": "PY_MEMORY",
  "isValid": true,
  "type": "BINARY_PROBABILISTIC",
  "algorithm_name": "FOREST_CLASSIFIER",
  "columns": [
    "MonthlyCharges",
    "SeniorCitizen",
    "TotalCharges",
    "tenure_years",
    "dummy:Partner:false",
    "dummy:Partner:true",
    "dummy:Partner:N/A",
    "dummy:Partner:__Others__",
    "dummy:OnlineBackup:No",
    "dummy:OnlineBackup:Yes",
    "dummy:OnlineBackup:N/A",
    "dummy:OnlineBackup:__Others__",
    "dummy:MultipleLines:No",
    "dummy:MultipleLines:Yes",
    "dummy:MultipleLines:N/A",
    "dummy:MultipleLines:__Others__",
    "dummy:gender:Male",
    "dummy:gender:Female",
    "dummy:gender:N/A",
    "dummy:gender:__Others__",
    "dummy:StreamingTV:No",
    "dummy:StreamingTV:Yes",
    "dummy:StreamingTV:N/A",
    "dummy:StreamingTV:__Others__",
    "dummy:PaperlessBilling:Yes",
    "dummy:PaperlessBilling:No",
    "dummy:PaperlessBilling:N/A",
    "dummy:PaperlessBilling:__Others__",
    "dummy:StreamingMovies:No",
    "dummy:StreamingMovies:Yes",
    "dummy:StreamingMovies:N/A",
    "dummy:StreamingMovies:__Others__",
    "dummy:Contract:Month-to-month",
    "dummy:Contract:Two year",
    "dummy:Contract:One year",
    "dummy:Contract:N/A",
    "dummy:Contract:__Others__",
    "dummy:DeviceProtection:No",
    "dummy:DeviceProtection:Yes",
    "dummy:DeviceProtection:N/A",
    "dummy:DeviceProtection:__Others__",
    "dummy:TechSupport:No",
    "dummy:TechSupport:Yes",
    "dummy:TechSupport:N/A",
    "dummy:TechSupport:__Others__",
    "dummy:OnlineSecurity:No",
    "dummy:OnlineSecurity:Yes",
    "dummy:OnlineSecurity:N/A",
    "dummy:OnlineSecurity:__Others__",
    "dummy:PhoneService:true",
    "dummy:PhoneService:false",
    "dummy:PhoneService:N/A",
    "dummy:PhoneService:__Others__",
    "dummy:Dependents:false",
    "dummy:Dependents:true",
    "dummy:Dependents:N/A",
    "dummy:Dependents:__Others__",
    "dummy:InternetService:Fiber optic",
    "dummy:InternetService:DSL",
    "dummy:InternetService:No",
    "dummy:InternetService:N/A",
    "dummy:InternetService:__Others__",
    "dummy:PaymentMethod:Electronic check",
    "dummy:PaymentMethod:Mailed check",
    "dummy:PaymentMethod:Bank transfer (automatic)",
    "dummy:PaymentMethod:Credit card (automatic)",
    "dummy:PaymentMethod:N/A",
    "dummy:PaymentMethod:__Others__",
    "dummy:customerID:6614-FHDBO",
    "dummy:customerID:3585-ISXZP",
    "dummy:customerID:6469-QJKZW",
    "dummy:customerID:7266-GSSJX",
    "dummy:customerID:4853-OITSN",
    "dummy:customerID:5186-EJEGL",
    "dummy:customerID:2293-IJWPS",
    "dummy:customerID:3258-SANFR",
    "dummy:customerID:0743-HNPFG",
    "dummy:customerID:0430-IHCDJ",
    "dummy:customerID:5233-GEEAX",
    "dummy:customerID:0040-HALCW",
    "dummy:customerID:3714-NTNFO",
    "dummy:customerID:3167-SNQPL",
    "dummy:customerID:0270-THENM",
    "dummy:customerID:7945-PRBVF",
    "dummy:customerID:3244-CQPHU",
    "dummy:customerID:1302-UHBDD",
    "dummy:customerID:2634-HCZGT",
    "dummy:customerID:5301-GAUUY",
    "dummy:customerID:8305-VHZBZ",
    "dummy:customerID:6479-OAUSD",
    "dummy:customerID:3055-MJDSB",
    "dummy:customerID:1174-FGIFN",
    "dummy:customerID:7472-EQOAV",
    "dummy:customerID:5899-OUVKV",
    "dummy:customerID:3207-OYBWH",
    "dummy:customerID:9667-EQRXU",
    "dummy:customerID:8903-WMRNW",
    "dummy:customerID:9432-VOFYX",
    "dummy:customerID:3992-YWPKO",
    "dummy:customerID:4634-JLRJT",
    "dummy:customerID:7587-RZNME",
    "dummy:customerID:6338-AVWCY",
    "dummy:customerID:9391-DXGGG",
    "dummy:customerID:4188-FRABG",
    "dummy:customerID:0623-IIHUG",
    "dummy:customerID:9139-WQQDY",
    "dummy:customerID:8945-MUQUF",
    "dummy:customerID:3727-JEZTU",
    "dummy:customerID:2000-MPKCA",
    "dummy:customerID:8270-RKSAP",
    "dummy:customerID:7394-LWLYN",
    "dummy:customerID:9537-VHDTA",
    "dummy:customerID:7026-YMSBE",
    "dummy:customerID:3891-NLXJB",
    "dummy:customerID:8317-BVKSO",
    "dummy:customerID:5197-YPYBZ",
    "dummy:customerID:9286-BHDQG",
    "dummy:customerID:0263-FJTQO",
    "dummy:customerID:5655-JSMZM",
    "dummy:customerID:4471-KXAUH",
    "dummy:customerID:9058-CBREO",
    "dummy:customerID:5493-SDRDQ",
    "dummy:customerID:3413-CSSTH",
    "dummy:customerID:6100-QQHEB",
    "dummy:customerID:9921-EZKBY",
    "dummy:customerID:1866-NXPSP",
    "dummy:customerID:0248-IPDFW",
    "dummy:customerID:6265-SXWBU",
    "dummy:customerID:8356-WUAOJ",
    "dummy:customerID:8661-BOYNW",
    "dummy:customerID:6641-XRPSU",
    "dummy:customerID:3404-JNXAX",
    "dummy:customerID:2398-YPMUR",
    "dummy:customerID:0434-CSFON",
    "dummy:customerID:8464-EETCQ",
    "dummy:customerID:1328-EUZHC",
    "dummy:customerID:4707-YNOQA",
    "dummy:customerID:6979-ZNSFF",
    "dummy:customerID:8808-ELEHO",
    "dummy:customerID:0674-EYYZV",
    "dummy:customerID:1389-CXMLU",
    "dummy:customerID:5302-BDJNT",
    "dummy:customerID:7041-TXQJH",
    "dummy:customerID:6789-HJBWG",
    "dummy:customerID:4712-AUQZO",
    "dummy:customerID:3808-HFKDE",
    "dummy:customerID:2957-JIRMN",
    "dummy:customerID:6486-LHTMA",
    "dummy:customerID:9153-BTBVV",
    "dummy:customerID:8909-BOLNL",
    "dummy:customerID:1293-BSEUN",
    "dummy:customerID:4143-HHPMK",
    "dummy:customerID:3787-TRIAL",
    "dummy:customerID:6490-FGZAT",
    "dummy:customerID:4060-LDNLU",
    "dummy:customerID:1251-KRREG",
    "dummy:customerID:0673-IGUQO",
    "dummy:customerID:9133-AYJZG",
    "dummy:customerID:1228-FZFRV",
    "dummy:customerID:5135-RDDQL",
    "dummy:customerID:3621-CEOVK",
    "dummy:customerID:0859-YGKFW",
    "dummy:customerID:2703-AMTUL",
    "dummy:customerID:0301-KOBTQ",
    "dummy:customerID:5940-AHUHD",
    "dummy:customerID:8023-QHAIO",
    "dummy:customerID:1686-STUHN",
    "dummy:customerID:2560-PPCHE",
    "dummy:customerID:2916-BQZLN",
    "dummy:customerID:N/A",
    "dummy:customerID:__Others__"
  ],
  "classes": [
    "false",
    "true"
  ]
}