{
    "details": {
        "OnlineSecurity": {
            "levels": [
                "No", 
                "Yes"
            ], 
            "with_others": true
        }, 
        "DeviceProtection": {
            "levels": [
                "No", 
                "Yes"
            ], 
            "with_others": true
        }, 
        "OnlineBackup": {
            "levels": [
                "No", 
                "Yes"
            ], 
            "with_others": true
        }, 
        "MultipleLines": {
            "levels": [
                "No", 
                "Yes"
            ], 
            "with_others": true
        }, 
        "gender": {
            "levels": [
                "Male", 
                "Female"
            ], 
            "with_others": true
        }, 
        "PaperlessBilling": {
            "levels": [
                "Yes", 
                "No"
            ], 
            "with_others": true
        }, 
        "StreamingMovies": {
            "levels": [
                "No", 
                "Yes"
            ], 
            "with_others": true
        }, 
        "PhoneService": {
            "levels": [
                "true", 
                "false"
            ], 
            "with_others": true
        }, 
        "Contract": {
            "levels": [
                "Month-to-month", 
                "Two year", 
                "One year"
            ], 
            "with_others": true
        }, 
        "TechSupport": {
            "levels": [
                "No", 
                "Yes"
            ], 
            "with_others": true
        }, 
        "StreamingTV": {
            "levels": [
                "No", 
                "Yes"
            ], 
            "with_others": true
        }, 
        "Partner": {
            "levels": [
                "false", 
                "true"
            ], 
            "with_others": true
        }, 
        "Dependents": {
            "levels": [
                "false", 
                "true"
            ], 
            "with_others": true
        }, 
        "InternetService": {
            "levels": [
                "Fiber optic", 
                "DSL", 
                "No"
            ], 
            "with_others": true
        }, 
        "PaymentMethod": {
            "levels": [
                "Electronic check", 
                "Mailed check", 
                "Bank transfer (automatic)", 
                "Credit card (automatic)"
            ], 
            "with_others": true
        }, 
        "customerID": {
            "levels": [
                "6614-FHDBO", 
                "3585-ISXZP", 
                "6469-QJKZW", 
                "7266-GSSJX", 
                "4853-OITSN", 
                "5186-EJEGL", 
                "2293-IJWPS", 
                "3258-SANFR", 
                "0743-HNPFG", 
                "0430-IHCDJ", 
                "5233-GEEAX", 
                "0040-HALCW", 
                "3714-NTNFO", 
                "3167-SNQPL", 
                "0270-THENM", 
                "7945-PRBVF", 
                "3244-CQPHU", 
                "1302-UHBDD", 
                "2634-HCZGT", 
                "5301-GAUUY", 
                "8305-VHZBZ", 
                "6479-OAUSD", 
                "3055-MJDSB", 
                "1174-FGIFN", 
                "7472-EQOAV", 
                "5899-OUVKV", 
                "3207-OYBWH", 
                "9667-EQRXU", 
                "8903-WMRNW", 
                "9432-VOFYX", 
                "3992-YWPKO", 
                "4634-JLRJT", 
                "7587-RZNME", 
                "6338-AVWCY", 
                "9391-DXGGG", 
                "4188-FRABG", 
                "0623-IIHUG", 
                "9139-WQQDY", 
                "8945-MUQUF", 
                "3727-JEZTU", 
                "2000-MPKCA", 
                "8270-RKSAP", 
                "7394-LWLYN", 
                "9537-VHDTA", 
                "7026-YMSBE", 
                "3891-NLXJB", 
                "8317-BVKSO", 
                "5197-YPYBZ", 
                "9286-BHDQG", 
                "0263-FJTQO", 
                "5655-JSMZM", 
                "4471-KXAUH", 
                "9058-CBREO", 
                "5493-SDRDQ", 
                "3413-CSSTH", 
                "6100-QQHEB", 
                "9921-EZKBY", 
                "1866-NXPSP", 
                "0248-IPDFW", 
                "6265-SXWBU", 
                "8356-WUAOJ", 
                "8661-BOYNW", 
                "6641-XRPSU", 
                "3404-JNXAX", 
                "2398-YPMUR", 
                "0434-CSFON", 
                "8464-EETCQ", 
                "1328-EUZHC", 
                "4707-YNOQA", 
                "6979-ZNSFF", 
                "8808-ELEHO", 
                "0674-EYYZV", 
                "1389-CXMLU", 
                "5302-BDJNT", 
                "7041-TXQJH", 
                "6789-HJBWG", 
                "4712-AUQZO", 
                "3808-HFKDE", 
                "2957-JIRMN", 
                "6486-LHTMA", 
                "9153-BTBVV", 
                "8909-BOLNL", 
                "1293-BSEUN", 
                "4143-HHPMK", 
                "3787-TRIAL", 
                "6490-FGZAT", 
                "4060-LDNLU", 
                "1251-KRREG", 
                "0673-IGUQO", 
                "9133-AYJZG", 
                "1228-FZFRV", 
                "5135-RDDQL", 
                "3621-CEOVK", 
                "0859-YGKFW", 
                "2703-AMTUL", 
                "0301-KOBTQ", 
                "5940-AHUHD", 
                "8023-QHAIO", 
                "1686-STUHN", 
                "2560-PPCHE", 
                "2916-BQZLN"
            ], 
            "with_others": true
        }
    }
}