[
    {
        "parameters": {
            "max_features": "auto", 
            "min_samples_split": 3, 
            "n_estimators": 100, 
            "max_depth": 6, 
            "min_samples_leaf": 1
        }, 
        "score_time": 561, 
        "test_score": 0.8667462675797094, 
        "fit_time": 4774, 
        "num_samples": 12010, 
        "best_iteration": null, 
        "train_score": 0.864193426455681, 
        "parameter_id": 0, 
        "time": 5335, 
        "done_at": 1553047087892, 
        "grid_point_id": "{\"max_features\": \"auto\", \"min_samples_split\": 3, \"n_estimators\": 100, \"max_depth\": 6, \"min_samples_leaf\": 1}@0"
    }, 
    {
        "parameters": {
            "max_features": "auto", 
            "min_samples_split": 3, 
            "n_estimators": 100, 
            "max_depth": 14, 
            "min_samples_leaf": 1
        }, 
        "score_time": 1049, 
        "test_score": 0.9887029032629046, 
        "fit_time": 5472, 
        "num_samples": 12010, 
        "best_iteration": null, 
        "train_score": 0.9935488698485452, 
        "parameter_id": 1, 
        "time": 6521, 
        "done_at": 1553047089046, 
        "grid_point_id": "{\"max_features\": \"auto\", \"min_samples_split\": 3, \"n_estimators\": 100, \"max_depth\": 14, \"min_samples_leaf\": 1}@0"
    }, 
    {
        "parameters": {
            "max_features": "auto", 
            "min_samples_split": 3, 
            "n_estimators": 100, 
            "max_depth": 14, 
            "min_samples_leaf": 1
        }, 
        "score_time": 786, 
        "test_score": 0.9855807155807156, 
        "fit_time": 6092, 
        "num_samples": 12009, 
        "best_iteration": null, 
        "train_score": 0.9934317243937848, 
        "parameter_id": 1, 
        "time": 6878, 
        "done_at": 1553047089407, 
        "grid_point_id": "{\"max_features\": \"auto\", \"min_samples_split\": 3, \"n_estimators\": 100, \"max_depth\": 14, \"min_samples_leaf\": 1}@1"
    }, 
    {
        "parameters": {
            "max_features": "auto", 
            "min_samples_split": 3, 
            "n_estimators": 100, 
            "max_depth": 14, 
            "min_samples_leaf": 1
        }, 
        "score_time": 978, 
        "test_score": 0.9874183169821895, 
        "fit_time": 5495, 
        "num_samples": 12008, 
        "best_iteration": null, 
        "train_score": 0.993859788490945, 
        "parameter_id": 1, 
        "time": 6473, 
        "done_at": 1553047089009, 
        "grid_point_id": "{\"max_features\": \"auto\", \"min_samples_split\": 3, \"n_estimators\": 100, \"max_depth\": 14, \"min_samples_leaf\": 1}@2"
    }, 
    {
        "parameters": {
            "max_features": "auto", 
            "min_samples_split": 3, 
            "n_estimators": 100, 
            "max_depth": 6, 
            "min_samples_leaf": 1
        }, 
        "score_time": 270, 
        "test_score": 0.8571384484963204, 
        "fit_time": 1962, 
        "num_samples": 12008, 
        "best_iteration": null, 
        "train_score": 0.8683191254239303, 
        "parameter_id": 0, 
        "time": 2232, 
        "done_at": 1553047091270, 
        "grid_point_id": "{\"max_features\": \"auto\", \"min_samples_split\": 3, \"n_estimators\": 100, \"max_depth\": 6, \"min_samples_leaf\": 1}@2"
    }, 
    {
        "parameters": {
            "max_features": "auto", 
            "min_samples_split": 3, 
            "n_estimators": 100, 
            "max_depth": 6, 
            "min_samples_leaf": 1
        }, 
        "score_time": 423, 
        "test_score": 0.8604234742329979, 
        "fit_time": 2463, 
        "num_samples": 12009, 
        "best_iteration": null, 
        "train_score": 0.8648994187493106, 
        "parameter_id": 0, 
        "time": 2886, 
        "done_at": 1553047090798, 
        "grid_point_id": "{\"max_features\": \"auto\", \"min_samples_split\": 3, \"n_estimators\": 100, \"max_depth\": 6, \"min_samples_leaf\": 1}@1"
    }
]