{
    "gridSize": 2, 
    "nThreads": 4, 
    "metric": "ROC_AUC", 
    "gridPoints": [
        {
            "index": 0, 
            "finishedAt": 1553047091270.0, 
            "score": 0.861436330120193, 
            "parameters": {
                "max_features": "auto", 
                "min_samples_split": 3, 
                "n_estimators": 100, 
                "max_depth": 6, 
                "min_samples_leaf": 1
            }, 
            "time": 10453.0
        }, 
        {
            "index": 1, 
            "finishedAt": 1553047089407.0, 
            "score": 0.987234065271042, 
            "parameters": {
                "max_features": "auto", 
                "min_samples_split": 3, 
                "n_estimators": 100, 
                "max_depth": 14, 
                "min_samples_leaf": 1
            }, 
            "time": 19872.0
        }
    ], 
    "startedAt": 1553047082504, 
    "nSplits": 3
}