{
    "usedGridSearch": true, 
    "probaAware": true, 
    "gridSize": 2, 
    "rawImportance": {
        "variables": [
            "MonthlyCharges", 
            "SeniorCitizen", 
            "TotalCharges", 
            "tenure_years", 
            "dummy:Partner:false", 
            "dummy:Partner:true", 
            "dummy:OnlineBackup:No", 
            "dummy:OnlineBackup:Yes", 
            "dummy:MultipleLines:No", 
            "dummy:MultipleLines:Yes", 
            "dummy:gender:Male", 
            "dummy:gender:Female", 
            "dummy:StreamingTV:No", 
            "dummy:StreamingTV:Yes", 
            "dummy:PaperlessBilling:Yes", 
            "dummy:PaperlessBilling:No", 
            "dummy:StreamingMovies:No", 
            "dummy:StreamingMovies:Yes", 
            "dummy:Contract:Month-to-month", 
            "dummy:Contract:Two year", 
            "dummy:Contract:One year", 
            "dummy:DeviceProtection:No", 
            "dummy:DeviceProtection:Yes", 
            "dummy:TechSupport:No", 
            "dummy:TechSupport:Yes", 
            "dummy:OnlineSecurity:No", 
            "dummy:OnlineSecurity:Yes", 
            "dummy:PhoneService:true", 
            "dummy:PhoneService:false", 
            "dummy:Dependents:false", 
            "dummy:Dependents:true", 
            "dummy:InternetService:Fiber optic", 
            "dummy:InternetService:DSL", 
            "dummy:InternetService:No", 
            "dummy:PaymentMethod:Electronic check", 
            "dummy:PaymentMethod:Mailed check", 
            "dummy:PaymentMethod:Bank transfer (automatic)", 
            "dummy:PaymentMethod:Credit card (automatic)", 
            "dummy:customerID:6614-FHDBO", 
            "dummy:customerID:3585-ISXZP", 
            "dummy:customerID:6469-QJKZW", 
            "dummy:customerID:7266-GSSJX", 
            "dummy:customerID:4853-OITSN", 
            "dummy:customerID:5186-EJEGL", 
            "dummy:customerID:2293-IJWPS", 
            "dummy:customerID:3258-SANFR", 
            "dummy:customerID:0743-HNPFG", 
            "dummy:customerID:0430-IHCDJ", 
            "dummy:customerID:5233-GEEAX", 
            "dummy:customerID:0040-HALCW", 
            "dummy:customerID:3714-NTNFO", 
            "dummy:customerID:3167-SNQPL", 
            "dummy:customerID:0270-THENM", 
            "dummy:customerID:7945-PRBVF", 
            "dummy:customerID:3244-CQPHU", 
            "dummy:customerID:1302-UHBDD", 
            "dummy:customerID:2634-HCZGT", 
            "dummy:customerID:5301-GAUUY", 
            "dummy:customerID:8305-VHZBZ", 
            "dummy:customerID:6479-OAUSD", 
            "dummy:customerID:3055-MJDSB", 
            "dummy:customerID:1174-FGIFN", 
            "dummy:customerID:7472-EQOAV", 
            "dummy:customerID:5899-OUVKV", 
            "dummy:customerID:3207-OYBWH", 
            "dummy:customerID:9667-EQRXU", 
            "dummy:customerID:8903-WMRNW", 
            "dummy:customerID:9432-VOFYX", 
            "dummy:customerID:3992-YWPKO", 
            "dummy:customerID:4634-JLRJT", 
            "dummy:customerID:7587-RZNME", 
            "dummy:customerID:6338-AVWCY", 
            "dummy:customerID:9391-DXGGG", 
            "dummy:customerID:4188-FRABG", 
            "dummy:customerID:0623-IIHUG", 
            "dummy:customerID:9139-WQQDY", 
            "dummy:customerID:8945-MUQUF", 
            "dummy:customerID:3727-JEZTU", 
            "dummy:customerID:2000-MPKCA", 
            "dummy:customerID:8270-RKSAP", 
            "dummy:customerID:7394-LWLYN", 
            "dummy:customerID:9537-VHDTA", 
            "dummy:customerID:7026-YMSBE", 
            "dummy:customerID:3891-NLXJB", 
            "dummy:customerID:8317-BVKSO", 
            "dummy:customerID:5197-YPYBZ", 
            "dummy:customerID:9286-BHDQG", 
            "dummy:customerID:0263-FJTQO", 
            "dummy:customerID:5655-JSMZM", 
            "dummy:customerID:4471-KXAUH", 
            "dummy:customerID:9058-CBREO", 
            "dummy:customerID:5493-SDRDQ", 
            "dummy:customerID:3413-CSSTH", 
            "dummy:customerID:6100-QQHEB", 
            "dummy:customerID:9921-EZKBY", 
            "dummy:customerID:1866-NXPSP", 
            "dummy:customerID:0248-IPDFW", 
            "dummy:customerID:6265-SXWBU", 
            "dummy:customerID:8356-WUAOJ", 
            "dummy:customerID:8661-BOYNW", 
            "dummy:customerID:6641-XRPSU", 
            "dummy:customerID:3404-JNXAX", 
            "dummy:customerID:2398-YPMUR", 
            "dummy:customerID:0434-CSFON", 
            "dummy:customerID:8464-EETCQ", 
            "dummy:customerID:1328-EUZHC", 
            "dummy:customerID:4707-YNOQA", 
            "dummy:customerID:6979-ZNSFF", 
            "dummy:customerID:8808-ELEHO", 
            "dummy:customerID:0674-EYYZV", 
            "dummy:customerID:1389-CXMLU", 
            "dummy:customerID:5302-BDJNT", 
            "dummy:customerID:7041-TXQJH", 
            "dummy:customerID:6789-HJBWG", 
            "dummy:customerID:4712-AUQZO", 
            "dummy:customerID:3808-HFKDE", 
            "dummy:customerID:2957-JIRMN", 
            "dummy:customerID:6486-LHTMA", 
            "dummy:customerID:9153-BTBVV", 
            "dummy:customerID:8909-BOLNL", 
            "dummy:customerID:1293-BSEUN", 
            "dummy:customerID:4143-HHPMK", 
            "dummy:customerID:3787-TRIAL", 
            "dummy:customerID:6490-FGZAT", 
            "dummy:customerID:4060-LDNLU", 
            "dummy:customerID:1251-KRREG", 
            "dummy:customerID:0673-IGUQO", 
            "dummy:customerID:9133-AYJZG", 
            "dummy:customerID:1228-FZFRV", 
            "dummy:customerID:5135-RDDQL", 
            "dummy:customerID:3621-CEOVK", 
            "dummy:customerID:0859-YGKFW", 
            "dummy:customerID:2703-AMTUL", 
            "dummy:customerID:0301-KOBTQ", 
            "dummy:customerID:5940-AHUHD", 
            "dummy:customerID:8023-QHAIO", 
            "dummy:customerID:1686-STUHN", 
            "dummy:customerID:2560-PPCHE", 
            "dummy:customerID:2916-BQZLN", 
            "dummy:customerID:__Others__"
        ], 
        "importances": [
            0.10476354253405114, 
            0.013419470942523059, 
            0.11338425992249773, 
            0.13270691885019179, 
            0.012567282397672052, 
            0.011588234410462661, 
            0.011541389849845403, 
            0.011898380931125276, 
            0.010226363952934168, 
            0.010336827486997355, 
            0.012039354369216335, 
            0.012834393939213087, 
            0.010426107285920732, 
            0.0095034336745235, 
            0.01938279815630807, 
            0.017801300060431808, 
            0.01048470193160932, 
            0.01084833819218386, 
            0.08909382704562066, 
            0.056421915380513096, 
            0.026351575596374043, 
            0.009778709133742309, 
            0.009780319534091843, 
            0.015008244266787181, 
            0.015524090743293938, 
            0.01792360347181273, 
            0.01339553771774018, 
            0.004980207976665204, 
            0.00559115928342791, 
            0.011403884317674449, 
            0.014873974053366207, 
            0.04381580354022472, 
            0.018412160680601152, 
            0.0319015465114322, 
            0.03269498732447587, 
            0.010992762340272905, 
            0.011986648326112197, 
            0.01338165136706727, 
            1.0434948164589227e-05, 
            3.0304902192023085e-05, 
            5.650581592160975e-05, 
            3.367098790259271e-05, 
            0.0001443731250280227, 
            3.455392833321153e-05, 
            5.5117023112394005e-05, 
            5.768057119945524e-05, 
            1.1100510372099452e-05, 
            9.169933635649191e-05, 
            3.908962617796701e-05, 
            1.7156780882184458e-06, 
            0.00014898363875151738, 
            0.0001217529378716774, 
            1.7358850018424013e-06, 
            9.109941041071569e-07, 
            2.2387011050688943e-05, 
            9.57559498876201e-05, 
            0.0003545108099287095, 
            7.638657584128062e-05, 
            0.00026519026719909797, 
            9.94290261617708e-07, 
            8.521711726207915e-05, 
            3.907730692104924e-05, 
            7.4201422235104e-06, 
            8.052929874613071e-05, 
            0.00016988858295180994, 
            9.666957440307184e-05, 
            0.00010098564992270895, 
            0.00018075009369402712, 
            4.59794912447537e-05, 
            0.00012742502587054726, 
            7.036030543707498e-05, 
            4.843130947135096e-05, 
            1.9427045390671292e-05, 
            8.196797414950325e-05, 
            0.0001187314299979875, 
            0.0003164072557830829, 
            0.0003376320208093263, 
            5.373388789275797e-05, 
            7.426955167628386e-05, 
            0.00022194649923101332, 
            0.00026527865525224643, 
            8.854199218779214e-05, 
            3.870022603819076e-06, 
            4.170777656951843e-06, 
            3.331416106976469e-05, 
            1.715390417269874e-06, 
            7.258195099980135e-07, 
            9.337746241705259e-06, 
            3.341820968480319e-05, 
            7.72791539551395e-05, 
            9.93614998825418e-05, 
            0.00012454121905302896, 
            4.212737701051574e-05, 
            1.9412372970663522e-05, 
            9.922997434209485e-05, 
            1.4725208299971419e-05, 
            0.00015690924942979626, 
            2.2552662862508186e-05, 
            0.00014198308745004873, 
            2.776863011761434e-06, 
            8.373734191659007e-05, 
            8.147514983961305e-05, 
            1.718921731435088e-05, 
            0.00012054188701817821, 
            1.0627495324928352e-06, 
            1.205092238607313e-06, 
            1.949333710148172e-06, 
            4.603056753877427e-05, 
            1.490803655024465e-05, 
            0.00014044404969660503, 
            5.732501893520652e-05, 
            6.720731991052835e-05, 
            5.0061984353121814e-05, 
            5.579514347948791e-05, 
            3.068717050352806e-05, 
            0.00010541304301107036, 
            5.872922477269752e-05, 
            6.531363229372228e-05, 
            6.689064026380333e-07, 
            6.298560611890334e-06, 
            1.1128019849296652e-06, 
            7.124574184806868e-05, 
            5.39075755155079e-05, 
            2.15828965657463e-05, 
            0.00024026691622915582, 
            7.731243588854072e-05, 
            7.906581996441867e-05, 
            0.0001399352411824469, 
            0.00022367414299644844, 
            5.74945724386944e-06, 
            1.591964230921853e-05, 
            5.641407143591029e-06, 
            2.1956945747837244e-06, 
            6.455340353004374e-06, 
            5.420733375859589e-05, 
            6.780289994620741e-05, 
            3.358499969410763e-06, 
            4.978898872420022e-05, 
            0.00014114462953947285, 
            0.003494905786911666
        ]
    }, 
    "modelInputNRows": 36027, 
    "modelInputNCols": 171, 
    "modelInputMemory": 49284936, 
    "gridCells": [
        {
            "scoreTimeStd": 0.11109255400590783, 
            "scoreTime": 0.9376666666666665, 
            "fitTime": 5.686333333333334, 
            "score": 0.9872340142648132, 
            "params": {
                "max_features": "auto", 
                "min_samples_split": 3, 
                "n_estimators": 100, 
                "max_depth": 14, 
                "min_samples_leaf": 1
            }, 
            "fitTimeStd": 0.2870032907283272, 
            "scoreStd": 0.0012812982685331802
        }, 
        {
            "scoreTimeStd": 0.11885285019720816, 
            "scoreTime": 0.418, 
            "fitTime": 3.066333333333333, 
            "score": 0.861436330120193, 
            "params": {
                "max_features": "auto", 
                "min_samples_split": 3, 
                "n_estimators": 100, 
                "max_depth": 6, 
                "min_samples_leaf": 1
            }, 
            "fitTimeStd": 1.2247025035584038, 
            "scoreStd": 0.00398722581175872
        }
    ], 
    "gridBestScore": 0.9872340142648132, 
    "modelInputIsSparse": false
}