{
    "computeLearningCurves": false, 
    "algorithm": "RANDOM_FOREST_CLASSIFICATION", 
    "grid_search_params": {
        "nIter": 0, 
        "nJobs": 4, 
        "randomized": true, 
        "shuffleIterations": 1, 
        "mode": "KFOLD", 
        "timeout": 0, 
        "splitRatio": 0.8, 
        "nFolds": 3, 
        "stratified": true
    }, 
    "autoOptimizeThreshold": true, 
    "gridLength": 2, 
    "metrics": {
        "customEvaluationMetricGIB": true, 
        "customEvaluationMetricNeedsProba": false, 
        "thresholdOptimizationMetric": "F1", 
        "liftPoint": 0.4, 
        "costMatrixWeights": {
            "fnGain": 0.0, 
            "tpGain": 1.0, 
            "tnGain": 0.0, 
            "fpGain": -0.3
        }, 
        "evaluationMetric": "ROC_AUC"
    }, 
    "forcedClassifierThreshold": 0.0, 
    "rf_classifier_grid": {
        "n_jobs": 4, 
        "max_tree_depth": {
            "gridMode": "EXPLICIT", 
            "values": [
                6, 
                14
            ]
        }, 
        "selection_mode": "auto", 
        "enabled": true, 
        "min_samples_leaf": {
            "gridMode": "EXPLICIT", 
            "values": [
                1
            ]
        }, 
        "n_estimators": {
            "gridMode": "EXPLICIT", 
            "values": [
                100
            ]
        }, 
        "max_feature_prop": 0.3, 
        "max_features": {
            "gridMode": "EXPLICIT", 
            "values": [
                0
            ]
        }
    }, 
    "max_ensemble_nodes_serialized": 6000, 
    "skipExpensiveReports": false
}