{
  "state": "DONE",
  "preSearchDescription": {
    "gridLength": 2,
    "importantParams": [
      {
        "name": "trees",
        "vals": [
          "100"
        ]
      },
      {
        "name": "depth",
        "vals": [
          "6",
          "14"
        ]
      },
      {
        "name": "min_samples",
        "vals": [
          "1"
        ]
      }
    ]
  },
  "postSearchDescription": {
    "importantParams": [
      {
        "name": "trees",
        "val": "100"
      },
      {
        "name": "depth",
        "val": "14"
      },
      {
        "name": "min_samples",
        "val": "1"
      }
    ]
  },
  "sampleWeightsEnabled": false,
  "modelId": "m1",
  "progress": {
    "top_level_todo": [],
    "stack": [],
    "top_level_done": [
      {
        "name": "Loading train set",
        "time": 165
      },
      {
        "name": "Loading test set",
        "time": 32
      },
      {
        "name": "Collecting statistics",
        "time": 156
      },
      {
        "name": "Preprocessing train set",
        "time": 338
      },
      {
        "name": "Preprocessing test set",
        "time": 125
      },
      {
        "name": "Grid searching",
        "time": 9248
      },
      {
        "name": "Fitting model",
        "time": 1607
      },
      {
        "name": "Saving model",
        "time": 110
      },
      {
        "name": "Scoring model",
        "time": 4578
      }
    ]
  },
  "startTime": 1553047081485,
  "endTime": 1553047097855,
  "preprocessingTime": 817,
  "trainingTime": 15553
}