{
  "type": "join",
  "neverRecomputeExistingPartitions": false,
  "optionalDependencies": false,
  "customMeta": {
    "kv": {}
  },
  "redispatchPartitioning": false,
  "maxRunningActivities": 0,
  "inputs": {
    "main": {
      "items": [
        {
          "ref": "customer_accounts_prepared",
          "deps": []
        },
        {
          "ref": "customer_demo_prepared",
          "deps": []
        },
        {
          "ref": "customer_billing",
          "deps": []
        }
      ]
    }
  },
  "outputs": {
    "main": {
      "items": [
        {
          "ref": "customer_joined",
          "appendMode": false
        }
      ]
    }
  },
  "versionTag": {
    "versionNumber": 6,
    "lastModifiedBy": {
      "login": "jordan"
    },
    "lastModifiedOn": 1559510209248
  },
  "creationTag": {
    "versionNumber": 0,
    "lastModifiedBy": {
      "login": "admin"
    },
    "lastModifiedOn": 1553045944220
  },
  "tags": [],
  "customFields": {},
  "checklists": {
    "checklists": []
  }
}