{
  "type": "PostgreSQL",
  "managed": true,
  "formatType": "parquet",
  "checklists": {
    "checklists": []
  },
  "checks": [],
  "customMeta": {
    "kv": {}
  },
  "flowOptions": {
    "virtualizable": false,
    "rebuildBehavior": "NORMAL",
    "crossProjectBuildBehavior": "DEFAULT"
  },
  "readWriteOptions": {
    "preserveOrder": false,
    "writeBuckets": 1,
    "forceSingleOutputFile": false,
    "defaultReadOrdering": {
      "enabled": false,
      "rules": []
    }
  },
  "formatParams": {
    "parquetLowerCaseIdentifiers": false,
    "representsNullFields": false,
    "parquetCompressionMethod": "SNAPPY",
    "parquetFlavor": "HIVE",
    "parquetBlockSizeMB": 128
  },
  "partitioning": {
    "ignoreNonMatchingFile": false,
    "considerMissingRequestedPartitionsAsEmpty": false,
    "dimensions": []
  },
  "versionTag": {
    "versionNumber": 4,
    "lastModifiedBy": {
      "login": "datascientist"
    },
    "lastModifiedOn": 1584726670076
  },
  "creationTag": {
    "versionNumber": 0,
    "lastModifiedBy": {
      "login": "admin"
    },
    "lastModifiedOn": 1553046898452
  },
  "tags": [],
  "params": {
    "writeWithCopyBadDataBehavior": "NOVERIFY_ERROR",
    "connection": "postgres_conn",
    "notReadyIfEmpty": false,
    "mode": "table",
    "partitioningType": "custom",
    "normalizeDoubles": true,
    "table": "${projectKey}_train",
    "schema": "dataiku",
    "tableCreationMode": "auto",
    "writeInsertBatchSize": 10000,
    "writeJDBCBadDataBehavior": "DISCARD_ROW",
    "readColsWithUnknownTzAsDates": false,
    "readSQLDateColsAsDSSDates": true
  },
  "schema": {
    "columns": [
      {
        "name": "customerID",
        "type": "string"
      },
      {
        "name": "PhoneService",
        "type": "boolean"
      },
      {
        "name": "MultipleLines",
        "type": "boolean"
      },
      {
        "name": "InternetService",
        "type": "string",
        "meaning": "Text"
      },
      {
        "name": "OnlineSecurity",
        "type": "boolean"
      },
      {
        "name": "OnlineBackup",
        "type": "boolean"
      },
      {
        "name": "DeviceProtection",
        "type": "boolean"
      },
      {
        "name": "TechSupport",
        "type": "boolean"
      },
      {
        "name": "StreamingTV",
        "type": "boolean"
      },
      {
        "name": "StreamingMovies",
        "type": "boolean"
      },
      {
        "name": "gender",
        "type": "string"
      },
      {
        "name": "SeniorCitizen",
        "type": "bigint"
      },
      {
        "name": "Partner",
        "type": "boolean"
      },
      {
        "name": "Dependents",
        "type": "boolean"
      },
      {
        "name": "tenure_years",
        "type": "double"
      },
      {
        "name": "Churn",
        "type": "boolean"
      },
      {
        "name": "Contract",
        "type": "string"
      },
      {
        "name": "PaperlessBilling",
        "type": "boolean"
      },
      {
        "name": "PaymentMethod",
        "type": "string"
      },
      {
        "name": "MonthlyCharges",
        "type": "double"
      },
      {
        "name": "TotalCharges",
        "type": "double"
      }
    ],
    "userModified": true
  },
  "metrics": {
    "probes": [
      {
        "type": "basic",
        "enabled": true,
        "computeOnBuildMode": "PARTITION",
        "meta": {
          "name": "Basic data",
          "level": 0
        },
        "configuration": {}
      },
      {
        "type": "records",
        "enabled": true,
        "computeOnBuildMode": "NO",
        "meta": {
          "name": "Record count",
          "level": 0
        },
        "configuration": {}
      }
    ],
    "engineConfig": {
      "padRunsWithMetrics": false,
      "hive": {
        "active": true,
        "extraConf": []
      },
      "basic": {},
      "dss": {
        "active": true,
        "selection": {
          "useMemTable": false,
          "filter": {
            "distinct": false,
            "enabled": false
          },
          "partitionSelectionMethod": "ALL",
          "latestPartitionsN": 1,
          "ordering": {
            "enabled": false,
            "rules": []
          },
          "samplingMethod": "FULL",
          "maxRecords": -1,
          "targetRatio": 0.02,
          "withinFirstN": -1,
          "maxReadUncompressedBytes": -1
        }
      },
      "sql": {
        "active": true
      },
      "impala": {
        "active": true
      },
      "spark": {
        "active": true,
        "extraConf": []
      },
      "python": {}
    },
    "displayedState": {
      "columns": [],
      "metrics": [
        "basic:COUNT_COLUMNS",
        "basic:COUNT_FILES",
        "basic:SIZE",
        "records:COUNT_RECORDS"
      ]
    }
  },
  "metricsChecks": {
    "runOnBuild": false,
    "checks": [],
    "displayedState": {
      "checks": []
    }
  },
  "customFields": {}
}